username,first_name,last_name,password,gender,age
mgadaud0,Malory,Gadaud,An7mBahSBs,Female,29
lmacguffog1,Lucille,MacGuffog,H5uQSePjo,Female,60
hspillane2,Hamlen,Spillane,zKjZzo,Male,75
cbryett3,Chanda,Bryett,N2HlSScL6DrP,Female,49
bdebenedictis4,Bamby,De Benedictis,HXPQNYuX,Female,75
btyler5,Bayard,Tyler,yzjcKeM9,Male,44
tbrevitt6,Thorn,Brevitt,Gl9mmZA,Male,30
mmacquire7,Mikey,Macquire,xFAH1JXh,Male,50
oglanvill8,Ole,Glanvill,CZEguTc,Male,66
gkullmann9,Giordano,Kullmann,dSuYBW6649xh,Male,43
dccominia,Daisi,Ccomini,sPn1wNNRsEL,Female,31
seimb,Sharl,Eim,QQkb7yXY,Female,74
fposvnerc,Fayre,Posvner,alcGwlnzYQWm,Polygender,26
skrollmand,Sonni,Krollman,ax7w5SRjqnv,Female,53
mcoree,Margy,Core,sAHfMvBcv9,Female,41
fdallmanf,Fayette,Dallman,VHQZiZDYtF,Female,45
rskipworthg,Rollo,Skipworth,WvSSCi4fSTNC,Male,36
ztosspellh,Zechariah,Tosspell,Ixu5yRIpnjy,Non-binary,21
gslimmi,Garrik,Slimm,b6aKCWV,Polygender,27
wgoodfellowj,Wilie,Goodfellow,lwdEJk,Female,69
ctargetterk,Cornall,Targetter,iJGc0makA2,Male,36
tmicklewrightl,Taffy,Micklewright,4vwnFJ,Female,25
atuftinm,Allie,Tuftin,7AiBvtLm0,Male,56
dperesn,Dante,Peres,Nr6FLd6r,Male,44
lcodmano,Lemuel,Codman,ItaDzRG06,Male,40
awhelbandp,Arther,Whelband,2uK2TkEKVuey,Male,27
ldosedaleq,Lucilia,Dosedale,AZfI6G,Female,72
tcuttinr,Theobald,Cuttin,zgYSKzQ8HB,Male,22
ccamolettos,Cooper,Camoletto,FZaHu9Oyfbe,Male,33
dfarahart,Dani,Farahar,ONW5Wj,Male,76
rganniclifftu,Royce,Ganniclifft,xWO84Xt,Male,24
smerrifieldv,Saunderson,Merrifield,Fd03iBmDemGU,Bigender,14
etrendlew,Erskine,Trendle,R9fcdaNjwF,Male,36
acurrmx,Allistir,Currm,CMxKsrQ6wI,Male,71
ohardwidgey,Orelee,Hardwidge,NS1UIigcCwtG,Female,55
cenderleinz,Christophe,Enderlein,WZ7qIE4lhJFB,Male,36
mmatthai10,Maggy,Matthai,oBEyk00wmA,Female,65
knoone11,Kathie,Noone,YAnE3k,Female,48
trodman12,Tarrance,Rodman,pMu7NXgw5E,Male,20
ovarnals13,Owen,Varnals,fVG36pSAk,Male,61
lboundley14,Lenka,Boundley,Am9wtv,Female,20
nskittrall15,Neale,Skittrall,cLczlgoV,Male,23
vmccafferky16,Vi,McCafferky,FpJXU9JXSYX7,Female,46
mskellington17,Murial,Skellington,ZaKhLGy,Female,42
tbadgers18,Tonye,Badgers,KNlFxSLx3,Female,38
lbolton19,Lesly,Bolton,i7JpqLA0q7hv,Female,61
kbeautyman1a,Kiley,Beautyman,Z3NGXe4w93AI,Female,27
gdiss1b,Gwenette,Diss,DxbtlpZXzV,Female,66
bmatokhnin1c,Bartolemo,Matokhnin,vg5wx0No3ST,Male,39
rdelagnes1d,Rog,Delagnes,oCtMmY,Male,76
mleamy1e,Milzie,Leamy,s1OpLrO,Female,17
bsterzaker1f,Blake,Sterzaker,pgPpT8zAJXu,Male,68
palred1g,Paton,Alred,B2y44wb,Male,26
splowman1h,Siusan,Plowman,oY2n48Rn,Female,53
hbjorkan1i,Heda,Bjorkan,nCTbBi,Female,53
ffilippov1j,Francyne,Filippov,x0sPI3,Female,14
rtibald1k,Rodolfo,Tibald,6ElpI8aKvY8,Male,66
edeakan1l,Eustace,Deakan,dffEfiMXuMsu,Agender,68
jcrowhurst1m,Jerrine,Crowhurst,DFS5wnM,Female,54
dhamshar1n,Doyle,Hamshar,4ULaukTGFZv,Male,55
vjosephi1o,Valli,Josephi,VXPzCDgKDWJ,Female,50
dstclair1p,Dolores,St Clair,kVEpYEAE8b,Female,17
jbrigden1q,Jourdain,Brigden,IjniowVS,Male,19
gducastel1r,Gottfried,Ducastel,ayCmqxT,Male,21
mcarley1s,Martyn,Carley,jvnDuo3,Male,41
mpalser1t,Milton,Palser,yNJeNf,Male,41
hpidon1u,Henderson,Pidon,IhAPN0wA2Ei,Male,18
agooden1v,Ashlan,Gooden,HzryVFb,Female,70
bgatherer1w,Barry,Gatherer,w4vrwqDNuW,Female,20
cturbayne1x,Conrado,Turbayne,6Sk5s1xuykJ,Male,49
sfivey1y,Shepperd,Fivey,yyTmTUcuAi,Male,47
efewkes1z,Elwyn,Fewkes,7uW5d2Ur,Male,59
sbroadbear20,Star,Broadbear,RRzE26fVdb1M,Female,42
dbartlomiej21,Duke,Bartlomiej,cWqEFJ,Male,49
lstandrin22,Lula,Standrin,kEzOIBjsMV,Female,38
jcristofari23,Jock,Cristofari,GaTZ5FX06P,Male,67
jalessandone24,Jennilee,Alessandone,VcYUf5R39R,Female,60
rosiaghail25,Rice,O'Siaghail,veXWyI,Male,31
fsimonich26,Francine,Simonich,CN7anFL2YJ,Female,53
egregorowicz27,Ebeneser,Gregorowicz,civjOLmcbzO,Male,57
sschulz28,Shirl,Schulz,cKMMWYy7AFX,Female,59
fcarolan29,Filia,Carolan,wDcxcB,Female,54
rorigan2a,Regen,Origan,Yjcs7c,Male,31
lpiddington2b,Lanie,Piddington,5BQ9szd,Male,36
freeders2c,Faunie,Reeders,enrebt5Ra2E,Female,80
cpresley2d,Cassie,Presley,mYLZi8EFgTZ,Male,68
ayesinin2e,Ashlie,Yesinin,Y3vwn4AmgTG,Female,60
vlauritzen2f,Virge,Lauritzen,4U5X2LQ,Male,47
eliggons2g,Electra,Liggons,i1YHnp1NcXL,Non-binary,57
spickerin2h,Sherline,Pickerin,C9UuE6,Female,27
rboissieux2i,Raffaello,Boissieux,HCsqfZ8J8IG,Male,79
kscown2j,Konrad,Scown,JmwWole3d,Male,35
cstquenin2k,Chere,St Quenin,I5W5t2T3,Female,64
cbodker2l,Corabella,Bodker,zrac6dTf93W,Female,42
cmarkie2m,Cristen,Markie,AKnIw911,Female,57
delacoate2n,Danica,Elacoate,UKWh5ab0hb,Female,55
diddon2o,Devan,Iddon,V4BwM1x5X,Female,79
cmarzele2p,Corella,Marzele,wNIm6X1M,Female,40
lmadden2q,Libbie,Madden,J4nHZGHHnZSV,Genderqueer,63
ahaglinton2r,April,Haglinton,QzrokMreR34t,Agender,45
